{
  "accuracy": 0.8195,
  "roc_auc": 0.9021,
  "precision_weighted": 0.8193,
  "recall_weighted": 0.8195,
  "f1_weighted": 0.8194,
  "classification_report": {
    "0": {
      "precision": 0.8366910866910867,
      "recall": 0.8413136893799877,
      "f1-score": 0.8389960208142027,
      "support": 3258.0
    },
    "1": {
      "precision": 0.7973343786750294,
      "recall": 0.7917477617750097,
      "f1-score": 0.79453125,
      "support": 2569.0
    },
    "accuracy": 0.8194611292260168,
    "macro avg": {
      "precision": 0.8170127326830581,
      "recall": 0.8165307255774987,
      "f1-score": 0.8167636354071013,
      "support": 5827.0
    },
    "weighted avg": {
      "precision": 0.8193395536735388,
      "recall": 0.8194611292260168,
      "f1-score": 0.8193924518727772,
      "support": 5827.0
    }
  },
  "confusion_matrix": [
    [
      2741,
      517
    ],
    [
      535,
      2034
    ]
  ],
  "reproducibility": {
    "random_state": 42,
    "test_size": 0.2,
    "train_size": 0.8,
    "oversample_train_only": true,
    "features": [
      "age",
      "gestational_weeks",
      "prior_pregnancy_loss",
      "support_score",
      "sleep_score",
      "fatigue_score",
      "low_mood_score",
      "suicidal_ideation_score",
      "economic_stress_score",
      "anxiety_score"
    ],
    "included_datasets": [
      "main",
      "ppd",
      "uganda"
    ],
    "full_dataset_rows": 29133,
    "class_balance_full": {
      "0": 16287,
      "1": 12846
    },
    "class_balance_train_after_oversample": {
      "1": 13029,
      "0": 13029
    },
    "source_counts": {
      "uganda": 14325,
      "main": 14008,
      "ppd": 800
    }
  }
}